country_code,confederation,status,ranking_2026,ranking_volatility,wc_win_pct,wc_gc_per_game,qual_gf_per_game,qual_gc_per_game,qual_points_per_game,market_value_eur_m,squad_avg_age,win_pct_vs_top10,host_flag,confederation_strength_index,wc_champion,wc_quarter_pct,wc_semi_pct,wc_final_pct,afcon_win_pct,copa_win_pct,euro_win_pct
ALG,CAF,confirmed,28.0,4.919349550499537,0.231,1.462,2.4,0.8,2.5,229.3,26.5,0.0,0,0.0201612903225806,0,0.0,0.0,0.0,0.36619718309859156,0.0,0.0
ARG,CONMEBOL,confirmed,2.0,0.5477225575051661,0.534,1.148,1.722,0.556,2.111111111111111,575.0,28.0,0.1904761904761904,0,0.03954802259887,1,0.444,0.278,0.333,0.0,0.6666666666666666,0.0
AUS,AFC,confirmed,27.0,0.8366600265340756,0.2,1.85,2.375,0.438,2.3125,32.85,27.7,0.0,0,0.0237467018469656,0,0.0,0.0,0.0,0.4634724233249967,0.0,0.0
AUT,UEFA,confirmed,24.0,4.774934554525329,0.414,1.621,2.75,0.5,2.375,231.9,28.1,0.2,0,0.0286591606960081,0,0.286,0.286,0.0,0.0,0.0,0.2857142857142857
BEL,UEFA,confirmed,9.0,2.4083189157584592,0.412,1.451,3.625,0.875,2.25,442.2,27.2,0.3863636363636363,0,0.0286591606960081,0,0.214,0.143,0.0,0.0,0.0,0.46153846153846156
BIH,UEFA,playoff,71.0,6.618156843109718,0.333,1.333,2.125,0.875,2.125,92.1,26.8,0.0,0,0.0286591606960081,0,0.0,0.0,0.0,0.0,0.0,0.0
BRA,CONMEBOL,confirmed,5.0,1.7888543819998322,0.667,0.947,1.333,0.944,1.5555555555555556,932.0,27.9,0.3559322033898305,0,0.03954802259887,1,0.636,0.364,0.273,0.0,0.5238095238095238,0.0
CAN,CONCACAF,confirmed,29.0,11.991663771137013,0.0,2.0,2.167,0.5,2.0,21.88,24.7,0.0,1,0.0177777777777777,0,0.0,0.0,0.0,0.4634724233249967,0.0,0.0
CGO,CAF,playoff,134.0,15.42076522096099,0.0,1.4975,2.2,0.4499999999999999,2.5,31.83,25.9,0.0416666666666666,0,0.0201612903225806,0,0.0,0.0,0.0,0.21739130434782608,0.0,0.0
CIV,CAF,confirmed,37.0,4.764451699828638,0.333,1.556,2.5,0.0,2.6,370.8,26.7,0.0,0,0.0201612903225806,0,0.0,0.0,0.0,0.4157303370786517,0.0,0.0
COL,CONMEBOL,confirmed,14.0,1.8708286933869709,0.409,1.364,1.556,1.0,1.5555555555555556,285.1,29.4,0.3870967741935484,0,0.03954802259887,0,0.167,0.0,0.0,0.0,0.5227272727272727,0.0
CPV,CAF,confirmed,67.0,2.949576240750525,0.0,1.4975,1.6,0.8,2.3,31.83,29.3,0.0416666666666666,0,0.0201612903225806,0,0.0,0.0,0.0,0.2,0.0,0.0
CRO,UEFA,confirmed,11.0,2.16794833886788,0.433,1.1,3.25,0.5,2.75,258.5,28.6,0.1428571428571428,0,0.0286591606960081,0,0.5,0.5,0.167,0.0,0.0,0.36
CUW,CONCACAF,confirmed,81.0,4.527692569068709,0.0,2.5,2.167,0.5,2.0,5.3,24.7,0.0,0,0.0177777777777777,0,0.0,0.0,0.0,0.35543478260869565,0.0,0.0
CZE,UEFA,playoff,43.0,2.588435821108957,0.364,1.485,2.25,1.0,2.0,115.9,27.0,0.1,0,0.0286591606960081,0,0.444,0.222,0.222,0.0,0.0,0.375
ECU,CONMEBOL,confirmed,23.0,7.893034904268447,0.385,1.077,0.778,0.278,1.6111111111111112,349.58,25.3,0.0,0,0.03954802259887,0,0.0,0.0,0.0,0.0,0.1111111111111111,0.0
EGY,CAF,confirmed,31.0,3.0331501776206204,0.0,1.714,2.0,0.2,2.6,138.5,29.1,0.0,0,0.0201612903225806,0,0.0,0.0,0.0,0.5607476635514018,0.0,0.0
ENG,UEFA,confirmed,4.0,0.7071067811865476,0.432,0.919,2.75,0.0,3.0,1300.0,26.9,0.1224489795918367,0,0.0286591606960081,1,0.625,0.188,0.062,0.0,0.0,0.35555555555555557
ESP,UEFA,confirmed,1.0,4.159326868617084,0.463,1.119,3.5,0.333,2.6666666666666665,1150.0,27.3,0.44,0,0.0286591606960081,1,0.312,0.062,0.062,0.0,0.0,0.4716981132075472
FRA,UEFA,confirmed,3.0,0.5477225575051661,0.534,1.164,2.667,0.667,2.6666666666666665,1290.0,26.8,0.425,0,0.0286591606960081,1,0.5,0.438,0.25,0.0,0.0,0.40816326530612246
GER,UEFA,confirmed,10.0,3.03315017762062,0.607,1.161,2.667,0.5,2.5,828.0,26.7,0.4933333333333333,0,0.0286591606960081,1,0.7,0.6,0.4,0.0,0.0,0.46511627906976744
GHA,CAF,confirmed,72.0,8.093207028119323,0.333,1.533,2.3,0.6,2.5,254.85,25.9,0.0833333333333333,0,0.0201612903225806,0,0.25,0.0,0.0,0.5108695652173914,0.0,0.0
HAI,CONCACAF,confirmed,83.0,2.3874672772626644,0.0,4.667,1.5,1.0,1.8333333333333333,5.3,24.7,0.0,0,0.0177777777777777,0,0.0,0.0,0.0,0.35543478260869565,0.0,0.0
IRN,AFC,confirmed,20.0,2.1908902300206647,0.167,1.722,2.188,0.75,2.3125,34.25,29.3,0.0,0,0.0237467018469656,0,0.0,0.0,0.0,0.3962133456476564,0.0,0.0
IRQ,AFC,playoff,58.0,4.878524367060187,0.0,1.333,1.5,0.611,2.055555555555556,10.7,28.2,0.0833333333333333,0,0.0237467018469656,0,0.0,0.0,0.0,0.3027027027027027,0.0,0.0
JOR,AFC,confirmed,64.0,11.823705003085962,0.0,1.85,2.0,0.75,1.8125,9.3,28.6,0.0833333333333333,0,0.0237467018469656,0,0.0,0.0,0.0,0.3027027027027027,0.0,0.0
JPN,AFC,confirmed,19.0,1.9235384061671343,0.28,1.32,3.375,0.188,2.5625,223.5,26.6,0.1818181818181818,0,0.0237467018469656,0,0.0,0.0,0.0,0.3962133456476564,0.0,0.0
KOR,AFC,confirmed,22.0,1.224744871391589,0.184,2.053,2.5,0.5,2.375,118.8,27.6,0.1666666666666666,0,0.0237467018469656,0,0.091,0.091,0.0,0.4634724233249967,0.0,0.0
KSA,AFC,confirmed,61.0,4.847679857416329,0.211,2.316,1.222,0.722,1.6666666666666667,21.8,27.2,0.3333333333333333,0,0.0237467018469656,0,0.0,0.0,0.0,0.3027027027027027,0.0,0.0
MAR,CAF,confirmed,8.0,2.3021728866442674,0.217,1.174,2.75,0.25,3.0,435.55,27.5,0.25,0,0.0201612903225806,0,0.167,0.167,0.0,0.40625,0.0,0.0
MEX,CONCACAF,confirmed,16.0,1.7320508075688772,0.283,1.683,2.167,0.5,2.0,101.8,26.0,0.1521739130434782,1,0.0177777777777777,0,0.118,0.0,0.0,0.41623975409836067,0.0,0.0
NED,UEFA,confirmed,7.0,0.5477225575051662,0.545,0.945,3.375,0.5,2.5,808.0,26.7,0.3333333333333333,0,0.0286591606960081,0,0.455,0.273,0.273,0.0,0.0,0.4888888888888889
NOR,UEFA,confirmed,32.0,7.120393247567159,0.25,1.0,4.625,0.625,3.0,502.9,26.1,0.3333333333333333,0,0.0286591606960081,0,0.0,0.0,0.0,0.0,0.0,0.3333333333333333
NZL,OFC,confirmed,85.0,9.69535971483266,0.0,2.333,5.8,0.2,3.0,16.43,27.9,0.1,0,0.0085106382978723,0,0.0,0.0,0.0,0.35543478260869565,0.0,0.0
PAN,CONCACAF,confirmed,33.0,12.31665539016173,0.0,3.667,1.5,0.667,2.0,5.3,25.5,0.0,0,0.0177777777777777,0,0.0,0.0,0.0,0.48823900031502676,0.0,0.0
PAR,CONMEBOL,confirmed,40.0,6.760177512462228,0.259,1.407,0.778,0.556,1.5555555555555556,123.95,28.4,0.025,0,0.03954802259887,0,0.125,0.0,0.0,0.0,0.2,0.0
POR,UEFA,confirmed,6.0,1.3038404810405295,0.486,1.171,3.333,1.167,2.1666666666666665,841.0,27.2,0.1372549019607843,0,0.0286591606960081,0,0.375,0.25,0.0,0.0,0.0,0.4318181818181818
QAT,AFC,confirmed,56.0,4.604345773288536,0.0,2.333,2.056,1.556,1.8333333333333333,18.0,27.9,0.0,0,0.0237467018469656,0,0.0,0.0,0.0,0.35763228016749143,0.0,0.0
RSA,CAF,confirmed,60.0,4.207136793592526,0.222,1.778,1.5,0.9,1.8,46.35,26.4,0.0,0,0.0201612903225806,0,0.0,0.0,0.0,0.40540540540540543,0.0,0.0
SCO,UEFA,confirmed,38.0,3.974921382870358,0.174,1.783,2.167,1.167,2.1666666666666665,214.45,29.1,0.0,0,0.0286591606960081,0,0.0,0.0,0.0,0.0,0.0,0.16666666666666666
SEN,CAF,confirmed,12.0,3.2093613071762426,0.417,1.417,2.2,0.3,2.4,405.9,27.5,0.125,0,0.0201612903225806,0,0.333,0.0,0.0,0.4262295081967213,0.0,0.0
SUI,UEFA,confirmed,18.0,3.0,0.341,1.78,2.333,0.333,2.333333333333333,251.0,27.6,0.0925925925925925,0,0.0286591606960081,0,0.25,0.0,0.0,0.0,0.0,0.21739130434782608
SWE,UEFA,playoff,42.0,9.5236547606473,0.373,1.431,0.667,2.0,0.3333333333333333,495.98,27.1,0.1290322580645161,0,0.0286591606960081,0,0.417,0.25,0.083,0.0,0.0,0.2916666666666667
TUN,CAF,confirmed,47.0,10.4546640309481,0.167,1.444,2.2,0.0,2.8,68.45,28.9,0.375,0,0.0201612903225806,0,0.0,0.0,0.0,0.30985915492957744,0.0,0.0
TUR,UEFA,playoff,25.0,8.408329203831162,0.5,1.7,2.833,2.0,2.1666666666666665,508.2,27.0,0.0,0,0.0286591606960081,0,0.5,0.5,0.0,0.0,0.0,0.30434782608695654
URU,CONMEBOL,confirmed,17.0,2.949576240750525,0.424,1.288,1.222,0.667,1.5555555555555556,419.23,26.2,0.1111111111111111,0,0.03954802259887,1,0.357,0.286,0.071,0.0,0.4,0.0
USA,CONCACAF,confirmed,15.0,1.5811388300841898,0.243,1.784,2.167,0.5,2.0,169.7,26.1,0.0425531914893617,1,0.0177777777777777,0,0.091,0.091,0.0,0.41623975409836067,0.0,0.0
UZB,AFC,confirmed,52.0,11.357816691600547,0.0,1.85,1.688,0.688,2.1875,8.5,26.2,0.0833333333333333,0,0.0237467018469656,0,0.0,0.0,0.0,0.35763228016749143,0.0,0.0
